,comment
0,"Produto 100%, vale a pena custo beneficio."
1,"Pensei que fosse maior,fiquei meio decepcionado."
2,"Comprei um iphone 12 dessa loja ref store depois de 6 meses o iphone foi bloqueado como fruto de roubo, depois o mercado livre ainda fala que sua compra √© segura, aonde?. Produto fruto de roubo."
3,"Produto com imei bloqueado por roubo! novamente estou tendo muitos problemas com um cel ""roubado"" que eu adquiri honestamente."
4,"O produto veio bloqueado, pedindo senha, nao consigo utiliza-lo, caso contrario quero devolver."
5,Excelente produto.
6,"Muito bom , ma √© um pouco grand."
7,"Produto excelente super recomendo, original lacrado com garantia e nota fiscal."
8,Maravilhoso top de mais amei amei.
9,"Produto apple, qualidade sofistica√ß√£o!."
10,"Esperiencia muito top, o aparelho e fantastisco."
11,Iphone de excelente qualidade.
12,"Excelente! sem palavras para essa m√°quina! surpreendida positivamente! ja fiz uso de outros iphones, mas esse deixa todos no chinelo, principalmente com a qualidade das imagens/c√¢mera e tamanho da tela!."
13,Mercadoria de boa qualidade e confiavel.
14,Eu s√≥ achei meio ruim porque n√£o venho com a caixinha com a foto dele veio numa caixinha branca totalmente branca e como eu tinha perguntado falou que vinha na caixinha original ent√£o quando perguntarem explica que √© uma caixinha totalmente branca mas de resto √© tudo original pesquisei e t√° tudo certo gra√ßas a deus fiz um bom investimento recomendo.
15,Esse produto e fraude comprei um e vem com a tela falsa nao comprem nada desse povo eles nao vende porodutos originais.
16,Lindo fabuloso maravilhoso cheiroso gostoso adorei principalmente o sabor de menta que tem nele inconfund√≠vel.
17,Muito bom estou super satisfeita.
18,"Apaesar do meu iphone vim sem a caixa original,esta funcionando perfeitamente,estou amando o aparelho. O acesso e bem rapido em todos os sentidos."
19,"O iphone √© de vitrine, n√£o vem com a caixa e acess√≥rios originais. Mas n√£o √© ruim, funciona certinho!."
20,"√â bom. Recomendo. Um pouco diferente do sansung, que j√° estava acostumada. Mas √© s√≥ quest√£o de adapta√ß√£o. Por ser produto de demonstra√ß√£o em loja, veio com a bateria com pouca durabilidade, precisando trocar."
21,√ìtimo produto recomendo a todos produto realmente original.
22,Descarrega muito r√°pido. A entrada do carregador j√° est√° com mal contato.
23,"√ìtimo produto, lacrado tudo certinho. Saude de bateria 100. Tudo ok."
24,Produto do jeito que eu esperava.
25,√ìtima qualidade adorei bateria √≥tima telefone maravilhoso recomendo.
26,√ìtimo muito muito bom minha filha amou.
27,"√ìtimo!!! veio tudo certinho, muito bom, minha irm√£ amou o aparelho."
28,Muito bom. Mas eu prefiria se tivesse mandado o preto como pedir!.
29,√ìtimo produto original na caixa lacrado.
30,Otimo adorei excelente produto.
31,Foi uma exelente escolhar minha na compra do iphone adorei.
32,Muito bom ! mas nao mudou mto do meu 8 plus.
33,Esperava q ela fosse responder mas n me respondeu. Apergunta q eu fiz a ele.
34,Estou com um grande problema do nada o celular apresentou umas listas na tela levei na autorizada me dizeram nao e original ja foi aberto em 2019 fone ouvido e carregador nao e original tela nao e camera nao e que perdi o celular eu nem terminei de pagar ele a garantia vence em mar√ßo eu quero uma solu√ßao.
35,At√© agora sem problemas √≥timo aparelho !.
36,"Excelente, √≥timo profissional recomendado, parab√©ns e boas vendas."
37,Celular veio com um pequeno defeito o mesmo fica se apagando.
38,Produto bom j√° tive outros iphones pra mim √© o melhor telefone s√≥ falha na bateria.
39,Produto muito bom superou minhas expectativas.
40,Bom dia!. A princ√≠pio achei que o celular esquentava muito r√°pido!. Mas minha filha gostou muito!. Carrega umas duas a tr√™s vezes por dia!.
41,D. Dor de cabe√ßa. Celular de vitrine.
42,Acessorios paralelos e caixa de m√° qualidade. O aparelho √© original e novo.
43,Tudo dentro do prometido. Excelente produto.
44,√ìtima mercadoria amei e recomendo sim.
45,"Boa tarde, muito bom super recomendo."
46,Produto excelente qualidade e custo benef√≠cio.
47,"Muito top,celular muito bom gostei muito."
48,"Gostei muito do aparelho ,sem nenhum defeito ,so o carregador com o fone q nao e original."
49,Amei super indico !!!!!!!!!!!!!!!!!!!!!.
50,Comprei como novo. Por√©m o produto j√° foi substitu√≠do pela aplle por algum motivo.
51,Bom produto. S√≥ a carga da bateria n√£o dura muito.
52,Tudo perfeito estado e com os acess√≥rios prometidos.
53,"Priduto original, veio tudo certinho, celular lacrado sem detalhes."
54,"Tranq√ºilo, agora √© ver a durabilidade."
55,Maravilhoso!!! comprei para meu marido e estamos encantados!!.
56,P√©ssimo produto e o mercado livre bem da muito tempo pra vc ser atendida.
57,"Muito bom, produto original, bateria dura pouco, mas se tratando de iphone, √© assim mesmo."
58,"√ìtimo lindo, veio certinho lindo e laclado , vou comprar outro logo."
59,"Minha irm√£ gostou muito, disse que √© bom."
60,√ìtimo do jeito q eu imaginava.
61,Fiquei muito satisfeito parab√©ns.
62,Veio na caixa lacrada. Sem detalhes tudo ok.
63,Relativamente aos novos fica a desejar.
64,"Produto muito √≥timo,recomendo."
65,"Produto e bom , mas ate hj nao veio cobrando no cartao."
66,√ìtimo produto. Novo! lacrado! sem defeitos at√© o momento. Comprei h√° uma semana. Tudo certo.
67,"Aparelho muito bom, a c√¢mera √© perfeita. Valeu cada centavo."
68,"Gostei do produto, por√©m a c√¢mera n√£o tira fotos de qualidade a noite."
69,"Otimo, veio tudo certinho. Sem nenhum arranh√£o, carregador, fone e capinha. √ìtimo desempenho."
70,P√©ssimo.
71,"Gostei muito,aparelho com de exelente qualidade."
72,"Aparelho impec√°vel, sem qualquer altera√ß√£o, recomendo."
73,Produto top perfeito a cor muito bonita.
74,Otimo o melhor celular que ja usei ate hoje.
75,Excelente produto! top nota 10000.
76,Muito bom produto original e aparelho incr√≠vel.
77,Sem duvida o melhor ate hoje. Excelente bateria.
78,Maravilhoso superou minhas expectativas.
79,Produto de √≥tima qualidade recomendo.
80,Produto bom. Pelo pre√ßo a bateria deveria durar mais.
81,"Minha esposa gostou muito, modelo compacto, bom para quem gosta de aparelhos menores."
82,"Lindo maravilhoso perfeito, estou adorando!."
83,"Amei ele √© perfeito!! a bateria √© inferior a dos outros, mas pra quem quer um telefone completo e pratico, ele √© o cara."
84,"Iphone dos sonhos, super aparelho, bonito, uma obra de arte, super potente, √© caro, muito caro, mas esse smartfone n√£o √© para quem quer, √© para quem pode. Sorte de quem pode pagar, pois o aparelho √© fantastico."
85,"P√©ssimo, produto apresentou defeito na bateria com 10 dias de uso hj com 29 dias de uso a sa√∫de da bateria est√° 93 e j√° apareceu a mensagem para trocar a bateria, tento a troca do aparelho ou ressarcimento sem sucesso com a loja, s√≥ mim enrolam. N√£o indico a loja pois irei solucionar no procon."
86,"Iphone dr 256g, perfeito, novo, lacrado com nota, melhor que esse s√≥ o 11,."
87,"Apesar de ser de vitrine , est√° √≥timo, tem 2 dias q minha filha est√° com ele, e s√≥ alegria. Eu recomendo."
88,Excelente produto! iphones s√£o iphones! qualidade 100%.
89,Estou satisfeito.
90,E um produto muito bom. Esta atualizando direitinho.
91,Muito bom. Comprei para meu filho ele gostou muitp.
92,"Produto maravilhoso , realmente cumpriu todas as minhas expectativas."
93,"Smartphone top de linha da apple e lider de mercado em seu segmento de ""tela pequena"". Duracao da bateria √© aceitavel e poder de processamento √© excelente."
94,Em se tratando de iphone estarei sempre satisfeito.
95,"Muito otimo, demais recomendo a todos do ml."
96,"Produto n√£o √© novo e nao vem lacrado, esta em otimaa condi√ßoes, porem nota fiscal nao veio em meu nome."
97,"Muito bom , pratico , facil de mexer util."
98,"Aparelho zerado, na caixa lacrada no plastico, muito lindo e funcionando muito bem, vale muito a pena comprar, mesmo em 2019."
99,Ruim ! n√£o comprem. Com apenas dois meses e meio de uso estou tendo s√©rios problemas ele desliga sozinho a todo momento e a bateria n√£o dura!.
100,"Gostei bastante! √≥timo produto, superou minha expectativa. Estou simplesmente apaixonada."
101,O celular √© excelente. O iphone √© e sempre ser√° um celular muito bom. Este n√£o fica atr√°s.
102,"Maravilhoso, o produto √© perfeito! super recomendo."
103,Fanstasfico muito modrno bem svansado.
104,"Celular maravilhosooo! se voces tiverem como comprar, compre!."
105,Otimo telefone!!! meu primeiro iphone. Sempre tive android. Estou amando!!!!.
106,"Otimo celular e muito lindo tbm, maravilhoso, camera perfeita!!!!!!!!."
107,"Exatamente com esperava, top !."
108,O produto est√° com defeito nem usei direto j√° deu problemas na c√¢mera √°udio n√£o sa√≠ da c√¢mera filmagem traseira e as imagens as vezes destorcem.
109,Esquenta demais n√£o posso nem usar o facebook meia hora afffff. √â o que eu mais uso a√≠ fica dif√≠cil.
110,"Aparelho muito excelente, mas porem veio sem algumas configura√ßoes. Mais vale a pena muito bom. Atende as minhas necessidades. Recomendo!!!."
111,"Perfeito, produto veio em √≥timo estado, embaladinho direitinho, com os acess√≥rios auxiliares de qualidade e ainda uma capinha e pel√≠cula de brinde."
112,"Produto ja tinha sido trocado a frente(pessimo produto, nao recomendo)."
113,"√â um iphone n√©, n√£o precisa falar muito!!!! extremamente confi√°vel para tarefas importantes. N√£o te deixa na m√£o quando mais precisa, como o ""concorrente"" faz. Vale o pre√ßo que se paga. N√£o √© s√≥ um s√≠mbolo de status, como a maioria das pessoas pensa, √© objetivamente melhor que as outras marcas quando se trata de uso profissional. Nem os ""concorrentes"" top de linha tem a confiabilidade de um iphone, mesmo um low-end como esse."
114,"Muito bom, presente para meu filho."
115,"Muito lindo, estou encantada. Estou tendo um pouquinho de dificuldade pra us√°-lo ; pois √© meu primeiro aiphone. Mais a cor , o tamanho ,e o desempenho s√£o √≥timos. A bateria dura o dia tudo. Nota 1. 000."
116,Maravilhoso minha filha adorou ela usa para realiza pesquisas na escola e ate o momento esta tudo ok. Eu super recomendo.
117,O produto em si pra quem ja usa a marca n√£o tem muito o que falar. O que me surpreendeu negativamente foi a bateria que mesmo ja conhecendo n√£o esperava que em 1 m√™s de uso ja fosse para 99% a sa√∫de da bateria.
118,Boa noite caixa estava aberta tinha chip no aparelho nao estava novo anucio falava que era novo fiquei muito triste quando chego aparelho na minha casa.
119,Pior aparelho que j√° comprei na minha vida. Pe√ßas parece falsificadas.
120,"Excelente produto, rapido e seguro."
121,Perfeito.
122,"Amei a tecnologia, rapida e fotos sensacionais, mas confesso q me assustei um pouco com o dourado da lateral, avisando pra quem nao tover alinhado com essa expectativa. E lembrando tbm que vivemos com capinha msm, ent√£o, t√° tranquilo."
123,Quero devolver o produto!!! me confundi com o modelo pro max.
124,Produto de excelente qualidade em conformidade com a tradi√ß√£o da marca apple. Que oferece o fabricante. Recomendo.
125,Inenarr√°vel. O melhor dos iphones at√© agora.
126,"Muito boem o produto, e todo o que esperava."
127,Fant√°stica evolu√ß√£o na camera e no processamento!!!!!.
128,Gostei dele. Aparelho muito bom.
129,Excelente celular atende minhas necessidades.
130,Muito bom veio igual a descricao.
131,"Eu nem usei o aparelho ta aqui parado me arrependii, eu so comprei pra poder usar o aplicativo, wase nao consegui instalar."
132,"Otimo, estava sismada pelo valor, mais adorei pois paguei um valor acessivel por um produto top. : tudo veio certinho, garantia, carregador e cel, top demais. Do jeito que eu queria :d."
133,"Podem comprar sem medo, veio lacrado, tudo certinho e no tempo estimado. √ìtimo aparelho!."
134,"Maravilhoso , camera top sem falar que e pequeno do jeito que eu esperava , a bateria me surpreendeu ameiiiiii."
135,"Muito bom, funciona perfeitamente, recomendo, o iphone mini e leve e facil de uso e manuzeio. A bateria aguenta ate dois dias."
136,Entao ele ja nao carrega mais levei para arrumar e n deu conserto por ser do paraguay diz o tecnico n verdade perdi o telefone e o dinheiro uma pena mais agora ja foi nao tem onde chorar infelizmente.
137,Ruim nao estou conseguindo fazer nem ligacao o carregador esquenta demais e nao e original.
138,Otimo celular. Tudo como anunciado.
139,O produto foi o esperado muito bom.
140,"Era o celular que estava desejando no momento , est√° me servindo muito bem excelente."
141,"Este aparelho demora para localizar a rede de wi-fi. A bateria deste iphone 14 pro max √© boa, mas, comparando com o meu anterior que era iphone 13 pro max - parece-me que o 13 era mais eficiente. Al√©m do 14 demorar para localizar rede. Com este meu 14, n√£o sei se j√° foi usado, se houve algum acidente com ele, mas, o fato √© o que descrevi acima. Na descri√ß√£o de venda, n√£o constava que era usado, ou qualquer tipo de problema! ü•≤."
142,Excelente aparelho! tudo perfeito!.
143,"Produto original, lacrado! perfeito."
144,"Produto original, novo, sem defeitos."
145,"√ìtimo produto, nada do que reclamar."
146,Muito bom gostei do produto vale a pena.
147,"Nao comprem cai no golpe ,comprei em novembro e o celular deu varias falhas ,nao funciona mais e as pe√ßas s√£o trocadas. Nao e original."
148,Excelente satisfaz em todos os aspetos.
149,Produto muito bom atendeu as minhas necessidades.
150,Muito bom tanto para o uso pessoal quanto pra usar como ferramenta de trabalho.
151,"Perfeito, veio com nota fiscal e todos os acessorios."
152,"At√© agora n√£o tem nada a reclamar. Produto muito bom recomendo,."
153,Excelente.
154,Produto excelente recomendo !!!.
155,"O cabo n√£o √© o original, ja esta apresentando defeito. N√£o recomendo."
156,"Superou minha expectativa, muito bom."
157,Otimo. Gostei muito. Ja conhecia o produto nas versoes anteriores.
158,Excelente! melhor compra que poderia fazer. Aparelho novo sem defeitos. Recomendo a todos! pre√ßo √≥timo para um aparelho que √© igual ao 11.
159,Dispensa comentarios. Iphone realmente ainda √© o melhor aparelh/sistema.
160,Tenho problemas com o produto est√° sem funcionar.
161,Maravilhoso demais para merecer algum coment√°rio. N√£o existe nada melhor.
162,Atendeu minhas espectativas.
163,Bom aparelho. Excelente custo benef√≠cio.
164,Muito bom c√¢meras boas qualidade de acabamento sem igual.
165,"√ìtimo aparelho, gostei muito da minha compra e espero que cumpra as minhas expectativas."
166,"Produto excelente, bateria muito mais duradoura, processador r√°pido, c√¢mera com resolu√ß√£o perfeita. Aparelho impec√°vel."
167,Muito bom!! superou minhas expectativas.
168,√ìtimo produto recomendo.
169,Superou minhas expectativas rs.
170,Excelente. Fiquei 2 anos sem iphone e n√£o via a hora de voltar a ter um. N√£o me arrependo. N√£o tem coisa igual.
171,"Melhor compra, √© meu primeiro iphone, mas sem duvidas o melhor aprelho que ja tive. Muitos recursos, camera muito boa, bateria me surpreendeu. Trabalho com o aparelho e a bateria dura 1 dia e meio. Vale a pena o valor pago. Recomendo."
172,"Produto n√£o vem na caixa original e fio/carragdor s√£o compat√≠veis. O produto em si (celular) veio em excelente estado, creio que com uso m√≠nimo por ser produto de vitrine. Legal que vem uns brindes com ele. Recomendo."
173,"√ìtimo investimento! voc√™ que t√° com interesse de comprar, n√£o vai se arrepender."
174,"√ìtimo telefone, superou as expectativas."
175,"√ìtimo telefone, caro, mas bom. Para quem faz quest√£o de apple, vale a pena."
176,Maravilhoso!!!!. √â apple n√©.
177,"Muito bom ,estou instalando hoje."
178,Maravilhoso!!! lindo!!! excelente compra!.
179,Excelente custo benef√≠cio entre os iphones.
180,Perfeito!.
181,Muito bom.
182,Maravilhoso.
183,Foi presente de anivers√°rio da minha esposa.
184,Excelente celular.
185,"Muito satisfeito com a compra, aparelho lacrado, desbloqueado e com todos os acess√≥rios originais. Al√©m da nota fiscal emitida com o nome do comprador."
186,"Amei o celular, atrasou um pouco devido a quarentena,apesar que n√£o acompanhou carregador original e n√£o veio na caixa do celular. Mais quanto o aparelho maravilhoso."
187,Aparelho original veio lacrado como nas decis√µes vale a pena √© um √≥timo aparelho.
188,"Tudo certo com o telefone. S√≥ que enche a memoria bem rapido, com um pouco mais de dinheiro vale a pena pegar um. Com mais capacidade de memoria."
189,"Espet√°cular , bacana o produti."
190,Excelente veio tudo certo com o iphone 12 pro max 128 gb.
191,"Perfeiro aparelhos , otima funcionalidade e durabilidade da bateria."
192,Excelente produto! amei!!!compraria de novo!.
193,Apple dispensa coment√°rios. Aparelho perfeito em todos os sentidos!!!!!.
194,"Aparelho perfeito, excelente em tudo."
195,Maravilhosooooo.
196,√â excelente celular espetacular.
197,Muito bom.
198,"Produto excelente! sem mais. Pode ir sem medo, pra quem j√° √© usu√°rio de ios, a troca de aparelhos √© satisfat√≥ria de t√£o simples. C√¢mera de 48mp e modo a√ß√£o s√£o bem impressionantes."
199,Muito bom.
200,"Com pouco mais de um m√™s o aparelho come√ßou a dar problema, fica reiniciando sem parar. Levei √† assist√™ncia t√©cnica e informaram que o problema √© com a placa l√≥gica do aparelho, que precisaria ser integralmente trocada, o que custaria milhares de reais. Al√©m de mandarem o aparelho p√©ssimo, n√£o respondem quando entramos em contato."
201,"Nao me arrependo, aparelho sensacional, apple sempre surpreendendo, agora se voce ja tem um iphone x nao recomendo trocar pelo xs, agora a geracao anterior o salto √© imenso em tecnologia e funcionalidades."
202,Bateria velha e j√° apresentando problemas.
203,Muito bom! atendeu minhas expectativas. Sa√∫de de 100% da bateria.
204,Celular muito bom veio em perfeitas condi√ß√µes de uso n√£o tenho do que reclamar s√≥ achei que paguei um valor alto por ele.
205,"Maior decep√ß√£o da minha vida! iphone vendido como novo, mas j√° √© usado. Vem fora da caixa e apenas com um carregador falsificado. Bateria n√£o deu nem 2 meses e j√° est√° pedindo manuten√ß√£o. N√£o tem nota fiscal e nem respondem sobre. N√£o comprem! maior arrependimento da vida."
206,Aparelho com 6 meses de uso parou do nada n√£o indico comprar.
207,"Produto veio com camera desfocada, 1 mes apos o uso o wifi parou de funcionar. Desapontado."
208,Nada d+ para um smartphone. Tem tudo o que os concorrentes do android tem por um pre√ßo muito mais alto. üôÑ. Mas era o que a minha namorada queria (um iphone) ent√£o tive que comprar.
209,Excelente. Produto perfeito atendeu minhas necessidades.
210,"N√£o comprem. Pior coisa que ja comprei. Simplesmente meu aprelho em menos de 1 mes pifou. Fizeram a troca e pifou novamente. Falaram que iam me envia um novo e depois de mas de 15 dias de teste, no dia de me emviarem um novo, descobrem que tinha queimado a placa. Agora querem que eu arque com 50% do custo. Pe√ßo nota fiscal do produto e n√£o sabem se tem. A pessoa que respnde pelo zap n√£o resolve nada, tudo tem que ver com superior, mas n√£o pode passar o contado do superior dela, como assim ?. Voc√™ que foi lesado pela compra entre em contato comigo tbm, vamos forma um grupo para mover uma ac√£o. Se nos unirmos fica mas facil."
211,P√©ssimo! me venderam como novo mas ele √© usado e n√£o tem mais garantia.
212,"Muito bom, sem problemas."
213,"O produto apresentou defeito em menos de dois meses, o carregador n√£o funciona mais. A bateria est√° com 75% em apenas dois meses de uso, e est√° se abrindo provavelmente pelo incha√ßo na bateria. Arrependimento total!!."
214,"O produto √© √≥timo, s√≥ os vendendo q √© p√©ssimo n responde a gente n dar neuma solu√ß√µes sobre minha troca."
215,Pessimo negocio! n√£o comprem com esses enrolam! sao celular usados que d√£o problema na bateria com 4 ou 5 meses de uso ! mentirosos falam que √© novo ! enganadores !.
216,Comprei e a saude da bateria vei 82% gostaria de saber se ele ja foi aberto porque estou com receio de molhar ele costumo andar de bicicleta e as vezes costuma chover e uso sem protecao no suporte.
217,Sinceramente esse produto √© top demais amei üòç.
218,"Otimo aparelho 100% original e veio novinho sem nem uma marca de uso, e a saude da bateria esta em 100%."
219,"Muito bom, qualidade nota 10, um aparelho que n√£o me arrependo de ter s√£o telefone celulares da apple!!."
220,Apple muito bom. N√£o tem erro. Sa√≠ do x para o 12. Que diferenca. Foto entao nem se compara.
221,Produto top!! recomendo a todos.
222,Tudo certo!.
223,"Celular fil√© demais,muito lindo e tem bateria boa."
224,Funciona tudo. S√≥ se atentem que esse celular √© a vers√£o para esim (chip virtual).
225,"Dificultoso, n√£o permite baixar muitos aplicativos. Gosta de exclusividade da apple. Nao petmite colocar favoritos na tela inicial, nao permite fazer selecao total de mensagens para apagar, dentre outras deficiencias."
226,Excelente produto e otima qualidade!.
227,"√ìtimo celular. Tinha o 13 que era bom, mas o 14 supera em tudo. Recomendo."
228,Excelente aparelho. Muito satisfeito.
229,Comprei em setembro pra da de presente pro meu filho agora no natal. Deixei guardado nunca usei ele. Fiquei com carregando mais depois de algumas vezes verifiquei quer a bateria veio viciada n√£o dura nem 3 horas de tempo. E agora ele parece na tela indispon√≠vel. Quero meu dinheiro de volta ele n√£o foi nada parado e me senti lezada pois pensei quer era bom.
230,"Voc√™ compra o celular como novo, e so depois da compra feita eles manda mensagem falando que √© de vitrine, falam que tem garantia de 3 meses, em menos de um m√™s o bot√£o home come√ßou a falhar, entrei e contato e informaram que so tinha 7 dias de garantia! pessimo! n√£o comprem !."
231,Produto anunciado como novo e √© usado.
232,"Comprei como novo e a autorizada aqui, bem como o 0800 eua disse q o celular foi vendido em 2017."
233,O produto n√£o √© novo como anunciado. Dirige-me a uma loja autorizada da apple e foi constatado que o aparelho havia sido ligado em 2017 no reino unido.
234,"O produto falaram que tinha garantia de 1 ano. Agora eu chamo a loja no whats a n√£o respondem, a apple fala que o produto vendido n√£o tem garantia pq √© uma s√©rie do produto que n√£o deveria ter sido comercializada! n√£o usem! ngm responde, n√£o tem garantia e agora eu tenho um celular de quase 4 mil reais sem funcionar e sem nenhum tipo de suporte!."
235,"√ìtimo!. Produto veio certinho, com carregador, capinha e at√© uma pel√≠cula 3d. Eu tinha comprado at√© o carregador antes de comprar o celular, pensei que n√£o vinha com carregador. √â confi√°vel. Iphone branco 128 gb."
236,"Celular excelente, corresponde as expectativas. Bateria dura umas 20h ate precisar carregar novamente. Unico ponto ruim √© vir sem a tomadinha de carregar (nao pude aproveitar nenhuma ja que o cabo tem entrada lightning e a que entra na tomada √© um usb-c) e fone de ouvido. A desculpa da apple de que isso √© pelo meio ambiente nao cola, ja que tive que comprar a parte e ainda tem as embalagens extra dos produtos. O correto seria dar a opcao da pessoa dizer se ja possui os itens ou nao."
237,"O aparelho est√° com a tela travada, teve problema no carregador. Estou levando na autorizada, mas tenho desconfian√ßa que me venderam um produto usado, como se fosse novo. Estou muito insatisfeito."
238,"Primeira vez que uso ios, apesar de estar ‚Äúapanhando um pouco‚Äù para me acostumar com o novo sistema estou amando. Celular √≥timo sem problema algum!."
239,"O celular apresentou defeito no segundo dia de uso,apagou e nao quiz mais ligar."
240,"Quem tem iphone sabe que a experi√™ncia √© √∫nica. Eu estava saindo de um 7 plus e cogitei a possibilidade de pegar um samsung, mas s√≥ foi mexer um pouco no android pra lembrar pq eu tenho iphone. √â fluido, r√°pido, poderoso, e o acabamento √© impec√°vel. Esse xr est√° lindo, o face id √© muito pr√°tico, a tela √© grande na medida certa. O que mais me surpreendeu: a bateria dura muito. Eu tiro da tomada √†s 6:30 da manh√£ e s√≥ volto pra casa √†s 23 e n√£o preciso nem utilizar power bank (num uso moderado de aplicativos de produtividade e redes sociais). O que eu acho que talvez possa desagradar os mais exigentes √© a c√¢mera, que para mim produz resultados inferiores ao 7 e 8 plus."
241,Achei o iphone xr um excelente custo x benef√≠cio. Peca apenas por n√£o ter 5g nem tela oled. Mas a bateria dura bastante e tem um design top. Recomendo!.
242,"Otimo celular. Eu so nao dei 5 estrelas, pois informaram que o telefone √© novo e lacrado. O celular estava em otimos condic√µes pois nunca foi usado, mas nao veio lacrado, veio sem a caixa original e confirmei no site da apple, que ele nao tem mais a garantia de 12 meses do fabricante pois ja esta expirado. Mas a bateria veio com saude de 100%."
243,Uma porcaria funcionou 30 dia e parou do nada.
244,"Muito bom c√¢mera superior voc√™ se ver igual no espelho , esse neg√≥cio de armazenamento pouco √© conversa furada 64 gb √© suficiente. Sistema r√°pido nunca trava , nunca. Bateria dura o dia inteiro, at√© mais que um android com 5000 amp. O sistema √© fechado ,n√£o pense que voc√™ vai baixar uma m√∫sica ou v√≠deo na internet f√°cil n√£o. Se for pra se exibir pagar de rico e ter boas fotos compre!!! agora , se quiser liberdade facilidade √© custo benef√≠cio android mas o iphone apesar de ter um sistema fechado √© superior em tudo , realmente √© uma coisa de alien√≠gena,. O produto √© original pode comprar sem nenhum medo. Agrade√ßa meu tempo perdido dando um like no coment√°rio pfv."
245,"Estranho que ao consultar o numero de serie interno do aparelho ele se trata aparentemente. De um aparelho usado , remontado na china , isso √© o tipo de imformacao que deveria ser obrigatoriamente descrita na venda do produto, resta saber se vai funcionar como deve e apos essa constatacao vou mandar para a loja da apple para verificar a procedencia do mesmo."
246,"Veio com o plastico da capa violado, ai gera realmente a duvida se ja nao foi usado ou se mecheram por dentro."
247,Aparelho com 5 meses apresentou o problema.
248,"Telefone top! sei q tem muitos outros aparelhos bons, mas, tive muitas decepcoes com outras marcas no passado e desde uns 10 anos para c√° s√≥ uso apple e nunca mais tive nenhum problema de hardware ou lentidao/travamento. Sem contar na valorizacao do aparelho, depois de 4anos de uso vendi meu iphone6 por 1,500 reais. Recomendo qualquer iphone acima do x. Bateria dura o dia inteiro."
249,"Excelente produto, tem custo alto mas vale a pena."
250,Otimo custo beneficio. Recomendo.
251,"Otimo, pena nao haver opcao de digital, apenas face id."
252,Um produto excelente. Sem mais detalhes esse √© o melhor smartphone que eu ja comprei!.
253,Com defeito. Nao fazem troca.
254,"Excelente, eu tinha um iphone 6 mas precisava me atualizar, estou gostando muito do iphone 11."
255,"Produto original, qualidade nem se fala quando se trata de produtos apple. Consegui uma promoc√£o boa no iphone 11 de 256gb e n√£o perdi a oportunidade."
256,Preciso da nota fiscal do produto.
257,"Muito bom, super recoemendo a √∫nica coisa que deixa a desejar √© o pre√ßo e ausencia de carregador."
258,"Excelente celular, s√≥ n√£o vale o que custa. Voltaria pro android se meu aparelho auditivo n√£o fosse ""made for iphone"". Ios muito travado em quest√µes de personaliza√ß√£o, √© muito na base do ""√© assim e pronto, aceita"". No android se vc n√£o gosta de alguma coisa, baixa um app e muda tudo. Ios n√£o te permite sequer editar um n√∫mero no discador sem ter que apagar tudo."
259,- smartphone top. - bateria top. - esperava mais da c√¢mera.
260,"Sa√≠ do android e arrisquei direto no iphone 13. Aparelho incr√≠vel, se for curioso / profissional, descobrir√° incont√°veis fun√ß√µes para auxiliar em seu trabalho no dia-dia. Al√©m de bonito e flu√≠do. Excelente!."
261,Um produto maravilhoso vem tudo certinho e chega sem atraso nenhum parab√©ns. Amei indico sempre.
262,Achei ruim pois o sinal do wafii n√£o funciona.
263,"Produto tudo certo, pode confia."
264,"Otimo ! recomendo a todos,execelente vendendor !."
265,Achei bom por enquanto n√£o deu nem um problema.
266,Nem um ano de uso e o microfone parou de funcionar!. Gravar √°udio e at√© liga√ß√µes. Decepcionado em rela√ß√£o √† isso.
267,"Espetacular! √© um iphone, n√£o precisa falar mais nada."
268,P√©ssimo muito ruim uma verdadeira porcaria.
269,"Hoje com 4 dias de uso, o produto est√° funcionando perfeitamente, minha esposa amou. Lindo demais!."
270,Bom aparelho estou sastifeito hjjjhjjjjjjkkkkk.
271,Muito boa estou muito feliz e contente gostei muito produto.
272,"Exelente produto, realmente original!."
273,"Eu amei meu produto, adoro comprar com voc√™s!."
274,"O produto √© falso. Quebrei a tela e levei para trocar, disseram que n√£o √© verdadeiro. Abrem os olhos."
275,Est√° com um problema s√©rio de n√£o reter carga na bateria.
276,"Cuidado! s√£o produtos recondicionados e usados. E vendido como novos. Dica! olhem o imei antes e consutem em uma autorizada apple, se j√° houve uma ativa√ß√£o do aparelho."
277,Excelente produto. Exatamente como descrito.
278,Veio carregador n√£o original.
279,"N√£o √© novo! apesar de ser anunciado como tal! com 04 meses de uso o microfone estragou, a tecla de volume afundou! uma merda. Vendem como novo, mas n√£o √©. Providencias da minha parte j√° est√£o sendo tomadas."
280,Pecima compra n√£o deu um m√™s de uso j√° deu problema mandei de volta e at√© hoje n√£o me mandaram o iphone ainda. Estou indignada com isso com certeza j√° era usado e mandar√£o por novo. Desde janeiro estou na espera. E s√≥ me enrolando.
281,"Confesso que estava com receio que n√£o viesse um produto de qualidade, haja vista que o pre√ßo era muito baixo: 1. 950,00! mas, felizmente veio sem nenhuma avaria! produto bom que est√° funcionando direitinho! super recomendo! parab√©ns!."
282,Super indico ‚ò∫Ô∏è. Feliz com a compra. Meu sobrinho t√° amando ü§©üíñ.
283,Bateria j√° est√° ruim n√£o tem nei 5 m√™s. Desespsonada.
284,"O produto nao eh novo como dizia na pagina e veio um aparelho sem garantia de reparos e etc. (como diz na pagina da apple‚Ä¶ (produto expirado) o sistema nfc nao funciona e du nada as vezes apaga. Estou muito insatisfeito com produto , caso nao resolva esse problema, vou entra com a√ß√£o contra a loja por colocar propaganda enganosa. Tirando a demora pra mandar a nota fiscal e quando vem a nota fiscal vem com outro produto. Por isso quero saber como √© que vai resolver esse problema porque eu n√£o posso ser lesado por isso sendo assim j√° vou tomar as minhas provid√™ncias."
285,"J√° tive 03 iphones (4, 6 e o 7) e esse xr √© o melhor de todos. Quem sempre teve android deveria experimentar usar o iphone √© uma experi√™ncia muito boa. Tentei usar 2x um celular com android e n√£o terminei voltando para o iphone, dentre eles o a51 que √© muito bom, por√©m n√£o √©, nem de longe, a mesma experi√™ncia de uso. Falando um pouco desse celular, a c√¢mera √© muito boa, a pegada, o sistema muito fluido e a bateria √© excelente (j√° cheguei a ficar 3 dias sem carregar, claro usando pouco). Podem comprar que n√£o v√£o se arrepender."
286,"O produto e incrivel, por ser um iphone. Mas o vendendor ficou a desejar nos detalhes do celular, oque veio para mim esta com 92% de bateria e 1 risco na frente e 1 atras, os dois sao superficiais mas eu gostaria de ser avisado sobre isso e sobre a bateria do mesmo. E a camera tbm esta um pouco riscada a caixa dela, e por ultimo e o maior problema e que o produto sem com um cabo de carregar paralelo muito ruim. Como eu disse acima nao tem problema, so gostaria de ser aviso sobre isso."
287,O aparelho vendido n√£o √© regulamentado pela anatel. A bateria veio com saude de 97% e n√£o veio fone de ouvido mesmo na caixa escrito que continha.
288,Bateria veio com problema !.
289,"Um verdadeiro salto na bateria, eu venho de um xr e sinceramente. √â muito grande a diferen√ßa. No design, em praticatemente tudo. A not da camera frontal √© menor. Sem palavras, estou adorando. Recomendo!."
290,Produto execelente muito rapido cameras top √© meu primeiro iphone depois de anos no android e at√© o momento nada a reclamar s√≥ o pre√ßo alto kkk mas pela durabilidade e a revenda ou troca vale muito a pena ter um n√£o me arrependo do investimento.
291,Iphone √© caro n√© como sempre mais n√£o tem oque dizer a c√¢mera muito boa √© a tela tbm n√£o tenho quer dizer iphone √© iphone. Gostei muito pois veio capinha √© pel√≠cula de √≥tima qualidade üòÅ.
292,"Meu segundo iphone. Passei do 7 plus para o 13, para quem fica com ele pelo menos uns 4 anos acho que √© custo beneficio."
293,"√ìtimo produto. Sistema fluido, c√¢mera boa, bateria atualmente durando 9 hrs de tela ligada + 4 de tela desligada. Ou seja, mais de 12 horas de dura√ß√£o. Na cor branca o celular al√©m de ser lindo combina com capa de qualquer cor."
294,Perfeito.
295,√ìtimo.
296,"Ele n√£o √© barato e j√° chega a ser question√°vel investir num iphone. Contudo, ainda √© a melhor op√ß√£o para mim. Ele oferece seguran√ßa e praticidade. A bateria me decepcionou um pouco. Ainda prefiro um aparelho mais pesado, por√©m com alguns miliamperes a mais. Contudo d√° para levar por um dia. A tela √© excelente e ele n√£o trava nem engasga em todos os aplicativos. O tamanho me parece ideal, porque cabe f√°cil no bolso e n√£o marca. Por outro lado j√° tem tamanho suficiente para ler bem os textos. A qualidade do som, microfone e das c√¢meras tamb√©m est√° acima da m√©dia dos aparelhos que eu vejo. Nunca precisei de mais hardware do que ele me oferece."
297,E bom vai me atender.
298,Aparelho prefeito!!. Veio sem nenhuma marca de uso e com 100% de sa√∫de a bateria. Muito top !!.
299,Produto bom apesar de ser d vitrine. Por enquanto √© perfeito.
300,Aparelho de telefone muito bom mas o carregador nao era original e sim 1 linha sendo que estragou com 1 mes de uso e me falaram que o carregador so tinha 1 mes de garantia sendo que comprei um aparelho top com carregador falsificado e ainda fikei sem!!.
301,"Estava com medo do que ia vim, mas veio super lacradinho, sem arranh√µes e o produto novo mesmo, carregador e fones funcionando super direitinho, n√£o deu nenhum problema e eu estou amando, bateria em 100% e dura bastante, mas ainda √© iphone n√©. Confiavel, vamos ver daqui para frente."
302,"Iphone novo em folha, veio com a sa√∫de da bateria a 100% e com o carregador original apple. Embora digam que o designe est√° ultrapassado, acho esse modelo bem mais bonito que atuais. E est√° funcionando perfeitamente bem com a √∫ltima vers√£o do ios."
303,"Meu iphone 7 plus, veio c problema, o som do alto falante n√£o funciona, n√£o consigo receber e atender liga√ß√µes."
304,"Aparelho de pessima qualidade! possui falha ao conectar no carregador, trava e muitas vezes preciso desligar e ligar para voltar, paguei seguro e na hora de acionar √© cobrado al√©m do valor descrito. Arrependimento eterno de ter comprado de voc√™s!!!!."
